location_id,location_name,latitude,longitude,parameter,value,timestamp_utc
8118,New Delhi,28.63576,77.22445,pm25,234.0,2023-10-31T23:30:00Z
8118,New Delhi,28.63576,77.22445,pm25,206.0,2023-11-01T00:00:00Z
8118,New Delhi,28.63576,77.22445,pm25,237.0,2023-11-01T00:30:00Z
8118,New Delhi,28.63576,77.22445,pm25,216.0,2023-11-01T01:00:00Z
8118,New Delhi,28.63576,77.22445,pm25,219.0,2023-11-01T01:30:00Z
8118,New Delhi,28.63576,77.22445,pm25,213.0,2023-11-01T02:00:00Z
8118,New Delhi,28.63576,77.22445,pm25,287.0,2023-11-01T02:30:00Z
8118,New Delhi,28.63576,77.22445,pm25,214.0,2023-11-01T03:00:00Z
8118,New Delhi,28.63576,77.22445,pm25,260.0,2023-11-01T03:30:00Z
8118,New Delhi,28.63576,77.22445,pm25,224.0,2023-11-01T04:00:00Z
8118,New Delhi,28.63576,77.22445,pm25,164.0,2023-11-01T04:30:00Z
8118,New Delhi,28.63576,77.22445,pm25,226.0,2023-11-01T05:00:00Z
8118,New Delhi,28.63576,77.22445,pm25,234.0,2023-11-01T06:00:00Z
8118,New Delhi,28.63576,77.22445,pm25,129.0,2023-11-01T06:30:00Z
8118,New Delhi,28.63576,77.22445,pm25,237.0,2023-11-01T07:00:00Z
8118,New Delhi,28.63576,77.22445,pm25,156.0,2023-11-01T07:30:00Z
8118,New Delhi,28.63576,77.22445,pm25,219.0,2023-11-01T08:00:00Z
8118,New Delhi,28.63576,77.22445,pm25,131.0,2023-11-01T08:30:00Z
8118,New Delhi,28.63576,77.22445,pm25,287.0,2023-11-01T09:00:00Z
8118,New Delhi,28.63576,77.22445,pm25,106.0,2023-11-01T09:30:00Z
8118,New Delhi,28.63576,77.22445,pm25,260.0,2023-11-01T10:00:00Z
8118,New Delhi,28.63576,77.22445,pm25,94.0,2023-11-01T10:30:00Z
8118,New Delhi,28.63576,77.22445,pm25,164.0,2023-11-01T11:00:00Z
8118,New Delhi,28.63576,77.22445,pm25,106.0,2023-11-01T11:30:00Z
8118,New Delhi,28.63576,77.22445,pm25,139.0,2023-11-01T12:00:00Z
8118,New Delhi,28.63576,77.22445,pm25,102.0,2023-11-01T12:30:00Z
8118,New Delhi,28.63576,77.22445,pm25,129.0,2023-11-01T13:00:00Z
8118,New Delhi,28.63576,77.22445,pm25,104.0,2023-11-01T13:30:00Z
8118,New Delhi,28.63576,77.22445,pm25,156.0,2023-11-01T14:00:00Z
8118,New Delhi,28.63576,77.22445,pm25,119.0,2023-11-01T14:30:00Z
8118,New Delhi,28.63576,77.22445,pm25,131.0,2023-11-01T15:00:00Z
8118,New Delhi,28.63576,77.22445,pm25,154.0,2023-11-01T15:30:00Z
8118,New Delhi,28.63576,77.22445,pm25,106.0,2023-11-01T16:00:00Z
8118,New Delhi,28.63576,77.22445,pm25,182.0,2023-11-01T16:30:00Z
8118,New Delhi,28.63576,77.22445,pm25,94.0,2023-11-01T17:00:00Z
8118,New Delhi,28.63576,77.22445,pm25,198.0,2023-11-01T17:30:00Z
8118,New Delhi,28.63576,77.22445,pm25,106.0,2023-11-01T18:00:00Z
8118,New Delhi,28.63576,77.22445,pm25,211.0,2023-11-01T18:30:00Z
8118,New Delhi,28.63576,77.22445,pm25,102.0,2023-11-01T19:00:00Z
8118,New Delhi,28.63576,77.22445,pm25,202.0,2023-11-01T19:30:00Z
8118,New Delhi,28.63576,77.22445,pm25,104.0,2023-11-01T20:00:00Z
8118,New Delhi,28.63576,77.22445,pm25,215.0,2023-11-01T20:30:00Z
8118,New Delhi,28.63576,77.22445,pm25,119.0,2023-11-01T21:00:00Z
8118,New Delhi,28.63576,77.22445,pm25,238.0,2023-11-01T21:30:00Z
8118,New Delhi,28.63576,77.22445,pm25,154.0,2023-11-01T22:00:00Z
8118,New Delhi,28.63576,77.22445,pm25,240.0,2023-11-01T22:30:00Z
8118,New Delhi,28.63576,77.22445,pm25,182.0,2023-11-01T23:00:00Z
8118,New Delhi,28.63576,77.22445,pm25,237.0,2023-11-01T23:30:00Z
8118,New Delhi,28.63576,77.22445,pm25,198.0,2023-11-02T00:00:00Z
8118,New Delhi,28.63576,77.22445,pm25,246.0,2023-11-02T00:30:00Z
8118,New Delhi,28.63576,77.22445,pm25,211.0,2023-11-02T01:00:00Z
8118,New Delhi,28.63576,77.22445,pm25,247.0,2023-11-02T01:30:00Z
8118,New Delhi,28.63576,77.22445,pm25,202.0,2023-11-02T02:00:00Z
8118,New Delhi,28.63576,77.22445,pm25,279.0,2023-11-02T02:30:00Z
8118,New Delhi,28.63576,77.22445,pm25,215.0,2023-11-02T03:00:00Z
8118,New Delhi,28.63576,77.22445,pm25,316.0,2023-11-02T03:30:00Z
8118,New Delhi,28.63576,77.22445,pm25,238.0,2023-11-02T04:00:00Z
8118,New Delhi,28.63576,77.22445,pm25,343.0,2023-11-02T04:30:00Z
8118,New Delhi,28.63576,77.22445,pm25,240.0,2023-11-02T05:00:00Z
8118,New Delhi,28.63576,77.22445,pm25,237.0,2023-11-02T06:00:00Z
8118,New Delhi,28.63576,77.22445,pm25,405.0,2023-11-02T06:30:00Z
8118,New Delhi,28.63576,77.22445,pm25,246.0,2023-11-02T07:00:00Z
8118,New Delhi,28.63576,77.22445,pm25,413.0,2023-11-02T07:30:00Z
8118,New Delhi,28.63576,77.22445,pm25,247.0,2023-11-02T08:00:00Z
8118,New Delhi,28.63576,77.22445,pm25,447.0,2023-11-02T08:30:00Z
8118,New Delhi,28.63576,77.22445,pm25,279.0,2023-11-02T09:00:00Z
8118,New Delhi,28.63576,77.22445,pm25,453.0,2023-11-02T09:30:00Z
8118,New Delhi,28.63576,77.22445,pm25,,2023-11-02T10:00:00Z
8118,New Delhi,28.63576,77.22445,pm25,419.0,2023-11-02T10:30:00Z
8118,New Delhi,28.63576,77.22445,pm25,343.0,2023-11-02T11:00:00Z
8118,New Delhi,28.63576,77.22445,pm25,396.0,2023-11-02T11:30:00Z
8118,New Delhi,28.63576,77.22445,pm25,,2023-11-02T12:00:00Z
8118,New Delhi,28.63576,77.22445,pm25,389.0,2023-11-02T12:30:00Z
8118,New Delhi,28.63576,77.22445,pm25,405.0,2023-11-02T13:00:00Z
8118,New Delhi,28.63576,77.22445,pm25,392.0,2023-11-02T13:30:00Z
8118,New Delhi,28.63576,77.22445,pm25,413.0,2023-11-02T14:00:00Z
8118,New Delhi,28.63576,77.22445,pm25,403.0,2023-11-02T14:30:00Z
8118,New Delhi,28.63576,77.22445,pm25,447.0,2023-11-02T15:00:00Z
8118,New Delhi,28.63576,77.22445,pm25,374.0,2023-11-02T15:30:00Z
8118,New Delhi,28.63576,77.22445,pm25,453.0,2023-11-02T16:00:00Z
8118,New Delhi,28.63576,77.22445,pm25,362.0,2023-11-02T16:30:00Z
8118,New Delhi,28.63576,77.22445,pm25,419.0,2023-11-02T17:00:00Z
8118,New Delhi,28.63576,77.22445,pm25,347.0,2023-11-02T17:30:00Z
8118,New Delhi,28.63576,77.22445,pm25,396.0,2023-11-02T18:00:00Z
8118,New Delhi,28.63576,77.22445,pm25,341.0,2023-11-02T18:30:00Z
8118,New Delhi,28.63576,77.22445,pm25,389.0,2023-11-02T19:00:00Z
8118,New Delhi,28.63576,77.22445,pm25,360.0,2023-11-02T19:30:00Z
8118,New Delhi,28.63576,77.22445,pm25,392.0,2023-11-02T20:00:00Z
8118,New Delhi,28.63576,77.22445,pm25,381.0,2023-11-02T20:30:00Z
8118,New Delhi,28.63576,77.22445,pm25,418.0,2023-11-02T21:30:00Z
8118,New Delhi,28.63576,77.22445,pm25,467.0,2023-11-02T22:30:00Z
8118,New Delhi,28.63576,77.22445,pm25,511.0,2023-11-02T23:30:00Z
8118,New Delhi,28.63576,77.22445,pm25,500.0,2023-11-03T00:30:00Z
8118,New Delhi,28.63576,77.22445,pm25,496.0,2023-11-03T01:30:00Z
8118,New Delhi,28.63576,77.22445,pm25,519.0,2023-11-03T02:30:00Z
8118,New Delhi,28.63576,77.22445,pm25,514.0,2023-11-03T03:30:00Z
8118,New Delhi,28.63576,77.22445,pm25,496.0,2023-11-03T04:30:00Z
8118,New Delhi,28.63576,77.22445,pm25,381.0,2023-11-03T06:30:00Z
8118,New Delhi,28.63576,77.22445,pm25,262.0,2023-11-03T07:30:00Z
8118,New Delhi,28.63576,77.22445,pm25,190.0,2023-11-03T08:30:00Z
8118,New Delhi,28.63576,77.22445,pm25,118.0,2023-11-03T09:30:00Z
8118,New Delhi,28.63576,77.22445,pm25,124.0,2023-11-03T10:30:00Z
8118,New Delhi,28.63576,77.22445,pm25,124.0,2023-11-03T11:30:00Z
8118,New Delhi,28.63576,77.22445,pm25,139.0,2023-11-03T12:30:00Z
8118,New Delhi,28.63576,77.22445,pm25,144.0,2023-11-03T13:30:00Z
8118,New Delhi,28.63576,77.22445,pm25,157.0,2023-11-03T14:30:00Z
8118,New Delhi,28.63576,77.22445,pm25,176.0,2023-11-03T15:30:00Z
8118,New Delhi,28.63576,77.22445,pm25,191.0,2023-11-03T16:30:00Z
8118,New Delhi,28.63576,77.22445,pm25,202.0,2023-11-03T17:30:00Z
8118,New Delhi,28.63576,77.22445,pm25,222.0,2023-11-03T18:30:00Z
8118,New Delhi,28.63576,77.22445,pm25,237.0,2023-11-03T19:30:00Z
8118,New Delhi,28.63576,77.22445,pm25,265.0,2023-11-03T20:30:00Z
8118,New Delhi,28.63576,77.22445,pm25,277.0,2023-11-03T21:30:00Z
8118,New Delhi,28.63576,77.22445,pm25,295.0,2023-11-03T22:30:00Z
8118,New Delhi,28.63576,77.22445,pm25,307.0,2023-11-03T23:30:00Z
8118,New Delhi,28.63576,77.22445,pm25,324.0,2023-11-04T00:30:00Z
8118,New Delhi,28.63576,77.22445,pm25,340.0,2023-11-04T01:30:00Z
8118,New Delhi,28.63576,77.22445,pm25,379.0,2023-11-04T02:30:00Z
8118,New Delhi,28.63576,77.22445,pm25,406.0,2023-11-04T03:30:00Z
8118,New Delhi,28.63576,77.22445,pm25,467.0,2023-11-04T04:30:00Z
8118,New Delhi,28.63576,77.22445,pm25,590.0,2023-11-04T06:30:00Z
8118,New Delhi,28.63576,77.22445,pm25,583.0,2023-11-04T07:30:00Z
8118,New Delhi,28.63576,77.22445,pm25,424.0,2023-11-04T08:30:00Z
8118,New Delhi,28.63576,77.22445,pm25,400.0,2023-11-04T09:30:00Z
8118,New Delhi,28.63576,77.22445,pm25,388.0,2023-11-04T10:30:00Z
8118,New Delhi,28.63576,77.22445,pm25,386.0,2023-11-04T11:30:00Z
8118,New Delhi,28.63576,77.22445,pm25,386.0,2023-11-04T12:30:00Z
8118,New Delhi,28.63576,77.22445,pm25,358.0,2023-11-04T13:30:00Z
8118,New Delhi,28.63576,77.22445,pm25,305.0,2023-11-04T14:30:00Z
8118,New Delhi,28.63576,77.22445,pm25,300.0,2023-11-04T15:30:00Z
8118,New Delhi,28.63576,77.22445,pm25,347.0,2023-11-04T16:30:00Z
8118,New Delhi,28.63576,77.22445,pm25,301.0,2023-11-04T17:30:00Z
8118,New Delhi,28.63576,77.22445,pm25,316.0,2023-11-04T18:30:00Z
8118,New Delhi,28.63576,77.22445,pm25,316.0,2023-11-04T19:30:00Z
8118,New Delhi,28.63576,77.22445,pm25,342.0,2023-11-04T20:30:00Z
8118,New Delhi,28.63576,77.22445,pm25,364.0,2023-11-04T21:30:00Z
8118,New Delhi,28.63576,77.22445,pm25,368.0,2023-11-04T22:30:00Z
8118,New Delhi,28.63576,77.22445,pm25,376.0,2023-11-04T23:30:00Z
8118,New Delhi,28.63576,77.22445,pm25,381.0,2023-11-05T00:30:00Z
8118,New Delhi,28.63576,77.22445,pm25,356.0,2023-11-05T01:30:00Z
8118,New Delhi,28.63576,77.22445,pm25,377.0,2023-11-05T02:30:00Z
8118,New Delhi,28.63576,77.22445,pm25,469.0,2023-11-05T03:30:00Z
8118,New Delhi,28.63576,77.22445,pm25,472.0,2023-11-05T04:30:00Z
8118,New Delhi,28.63576,77.22445,pm25,258.0,2023-11-05T06:30:00Z
8118,New Delhi,28.63576,77.22445,pm25,189.0,2023-11-05T07:30:00Z
8118,New Delhi,28.63576,77.22445,pm25,253.0,2023-11-05T08:30:00Z
8118,New Delhi,28.63576,77.22445,pm25,217.0,2023-11-05T09:30:00Z
8118,New Delhi,28.63576,77.22445,pm25,216.0,2023-11-05T10:30:00Z
8118,New Delhi,28.63576,77.22445,pm25,225.0,2023-11-05T11:30:00Z
8118,New Delhi,28.63576,77.22445,pm25,238.0,2023-11-05T12:30:00Z
8118,New Delhi,28.63576,77.22445,pm25,264.0,2023-11-05T13:30:00Z
8118,New Delhi,28.63576,77.22445,pm25,286.0,2023-11-05T14:30:00Z
8118,New Delhi,28.63576,77.22445,pm25,306.0,2023-11-05T15:30:00Z
8118,New Delhi,28.63576,77.22445,pm25,314.0,2023-11-05T16:30:00Z
8118,New Delhi,28.63576,77.22445,pm25,317.0,2023-11-05T17:30:00Z
8118,New Delhi,28.63576,77.22445,pm25,311.0,2023-11-05T18:30:00Z
8118,New Delhi,28.63576,77.22445,pm25,311.0,2023-11-05T19:30:00Z
8118,New Delhi,28.63576,77.22445,pm25,325.0,2023-11-05T20:30:00Z
8118,New Delhi,28.63576,77.22445,pm25,338.0,2023-11-05T21:30:00Z
8118,New Delhi,28.63576,77.22445,pm25,321.0,2023-11-05T22:30:00Z
8118,New Delhi,28.63576,77.22445,pm25,328.0,2023-11-05T23:30:00Z
8118,New Delhi,28.63576,77.22445,pm25,333.0,2023-11-06T00:30:00Z
8118,New Delhi,28.63576,77.22445,pm25,327.0,2023-11-06T01:30:00Z
8118,New Delhi,28.63576,77.22445,pm25,367.0,2023-11-06T02:30:00Z
8118,New Delhi,28.63576,77.22445,pm25,344.0,2023-11-06T03:30:00Z
8118,New Delhi,28.63576,77.22445,pm25,297.0,2023-11-06T04:30:00Z
8118,New Delhi,28.63576,77.22445,pm25,181.0,2023-11-06T06:30:00Z
8118,New Delhi,28.63576,77.22445,pm25,182.0,2023-11-06T07:30:00Z
8118,New Delhi,28.63576,77.22445,pm25,179.0,2023-11-06T08:30:00Z
8118,New Delhi,28.63576,77.22445,pm25,179.0,2023-11-06T09:30:00Z
8118,New Delhi,28.63576,77.22445,pm25,179.0,2023-11-06T10:30:00Z
8118,New Delhi,28.63576,77.22445,pm25,184.0,2023-11-06T11:30:00Z
8118,New Delhi,28.63576,77.22445,pm25,183.0,2023-11-06T12:30:00Z
8118,New Delhi,28.63576,77.22445,pm25,196.0,2023-11-06T13:30:00Z
8118,New Delhi,28.63576,77.22445,pm25,203.0,2023-11-06T14:30:00Z
8118,New Delhi,28.63576,77.22445,pm25,212.0,2023-11-06T15:30:00Z
8118,New Delhi,28.63576,77.22445,pm25,223.0,2023-11-06T16:30:00Z
8118,New Delhi,28.63576,77.22445,pm25,214.0,2023-11-06T17:30:00Z
8118,New Delhi,28.63576,77.22445,pm25,223.0,2023-11-06T18:30:00Z
8118,New Delhi,28.63576,77.22445,pm25,221.0,2023-11-06T19:30:00Z
8118,New Delhi,28.63576,77.22445,pm25,243.0,2023-11-06T20:30:00Z
8118,New Delhi,28.63576,77.22445,pm25,243.0,2023-11-06T21:30:00Z
8118,New Delhi,28.63576,77.22445,pm25,255.0,2023-11-06T22:30:00Z
8118,New Delhi,28.63576,77.22445,pm25,281.0,2023-11-06T23:30:00Z
8118,New Delhi,28.63576,77.22445,pm25,301.0,2023-11-07T00:30:00Z
8118,New Delhi,28.63576,77.22445,pm25,264.0,2023-11-07T01:30:00Z
8118,New Delhi,28.63576,77.22445,pm25,259.0,2023-11-07T02:30:00Z
8118,New Delhi,28.63576,77.22445,pm25,306.0,2023-11-07T03:30:00Z
8118,New Delhi,28.63576,77.22445,pm25,273.0,2023-11-07T04:30:00Z
8118,New Delhi,28.63576,77.22445,pm25,217.0,2023-11-07T06:30:00Z
8118,New Delhi,28.63576,77.22445,pm25,193.0,2023-11-07T07:30:00Z
8118,New Delhi,28.63576,77.22445,pm25,214.0,2023-11-07T08:30:00Z
8118,New Delhi,28.63576,77.22445,pm25,187.0,2023-11-07T09:30:00Z
8118,New Delhi,28.63576,77.22445,pm25,193.0,2023-11-07T10:30:00Z
8118,New Delhi,28.63576,77.22445,pm25,221.0,2023-11-07T11:30:00Z
8118,New Delhi,28.63576,77.22445,pm25,233.0,2023-11-07T12:30:00Z
8118,New Delhi,28.63576,77.22445,pm25,252.0,2023-11-07T13:30:00Z
8118,New Delhi,28.63576,77.22445,pm25,279.0,2023-11-07T14:30:00Z
8118,New Delhi,28.63576,77.22445,pm25,298.0,2023-11-07T15:30:00Z
8118,New Delhi,28.63576,77.22445,pm25,309.0,2023-11-07T16:30:00Z
8118,New Delhi,28.63576,77.22445,pm25,313.0,2023-11-07T17:30:00Z
8118,New Delhi,28.63576,77.22445,pm25,327.0,2023-11-07T18:30:00Z
8118,New Delhi,28.63576,77.22445,pm25,310.0,2023-11-07T19:30:00Z
8118,New Delhi,28.63576,77.22445,pm25,299.0,2023-11-07T20:30:00Z
8118,New Delhi,28.63576,77.22445,pm25,322.0,2023-11-07T21:30:00Z
8118,New Delhi,28.63576,77.22445,pm25,328.0,2023-11-07T22:30:00Z
